epoch,train_loss,eval_loss,eval_top1,eval_top5
0,0.6602652594841346,0.4735425343963627,78.26293120028289,100.0
1,0.41417744103983384,0.26022188411720737,90.20560846594911,100.0
